<?xml version="1.0" encoding="UTF-8"?>
<?NLS TYPE="org.eclipse.help.toc"?>
<toc label="Memory Analyzer" topic="welcome.html"><topic label="Introduction" href="welcome.html"/><topic label="Getting Started"><topic label="Basic Tutorial" href="gettingstarted/basictutorial.html"/></topic><topic label="Concepts"><topic label="Heap Dump" href="concepts/heapdump.html"/><topic label="Reachability" href="concepts/reachability.html"/><topic label="Shallow vs. Retained Heap" href="concepts/shallowretainedheap.html"/><topic label="Dominator Tree" href="concepts/dominatortree.html"/><topic label="Garbage Collection Roots" href="concepts/gcroots.html"/></topic><topic label="Tasks"><topic label="Acquiring Heap Dumps" href="tasks/acquiringheapdump.html"/><topic label="Installing IBM DTFJ feature for IBM dumps" href="tasks/installDTFJ.html"/><topic label="Running Leak Suspect Report" href="tasks/runningleaksuspectreport.html"/><topic label="List the Biggest Objects" href="tasks/listbiggestobjects.html"/><topic label="Finding Responsible Objects" href="tasks/findingresponsibleobjects.html"/><topic label="Querying Heap Objects (OQL)" href="tasks/queryingheapobjects.html"/><topic label="Analyze Class Loader" href="tasks/analyzingclassloader.html"/><topic label="Analyzing Threads" href="tasks/analyzingthreads.html"/><topic label="Analyzing Java Collection Usage" href="tasks/analyzingjavacollectionusage.html"/><topic label="Analyzing Finalizer" href="tasks/analyzingfinalizer.html"/><topic label="Eclipse Equinox Bundle Registry" href="tasks/bundleregistry.html"/><topic label="Comparing Objects" href="tasks/comparingdata.html"/><topic label="Export Data" href="tasks/exportdata.html"/><topic label="Export Heap Dump" href="tasks/exportdump.html"/><topic label="Memory Analyzer Configuration" href="tasks/configure_mat.html"/></topic><topic label="Reference"><topic label="Inspections"><topic label="Leak Identification"><topic label="Component Report" href="reference/inspections/component_report.html"/></topic><topic label="Immediate Dominators" href="reference/inspections/immediate_dominators.html"/><topic label="Group by Value" href="reference/inspections/group_by_value.html"/><topic label="Path to GC Roots" href="reference/inspections/path_to_gc_roots.html"/><topic label="Retained Set" href="reference/inspections/retained_set.html"/><topic label="Top Consumers" href="reference/inspections/top_consumers.html"/><topic label="Unreachable objects" href="reference/inspections/unreachable_objects.html"/></topic><topic label="Query Matrix" href="reference/querymatrix.html"><topic label="Finding Memory Leak" href="reference/findingmemoryleak.html"/><topic label="Analyzing Memory Consumption" href="reference/analyzingmemoryconsumption.html"/></topic><topic label="OQL Syntax" href="reference/oqlsyntax.html"><topic label="SELECT Clause" href="reference/oqlsyntaxselect.html"/><topic label="FROM Clause" href="reference/oqlsyntaxfrom.html"/><topic label="WHERE Clause" href="reference/oqlsyntaxwhere.html"/><topic label="Property Accessors" href="reference/propertyaccessors.html"/><topic label="BNF for the Object Query Language" href="reference/bnfofoql.html"/></topic><topic label="Selecting Queries" href="reference/selectingqueries.html"/><topic label="Icons Assist" href="reference/iconassist.html"/><topic label="Tips and Tricks" href="reference/tipsandtricks.html"/><topic label="Extending Memory Analyzer" href="reference/extendingmat.html"/><topic label="API Reference" href="doc/index.html"/></topic><topic label="New and Noteworthy" href="noteworthy.html"/><topic label="Legal" href="legal.html"/></toc>