<?xml version="1.0" encoding="UTF-8"?>
<config date="1568806780460" transient="false" version="3.0">
<site enabled="true" policy="USER-EXCLUDE" updateable="true" url="platform:/base/">
<feature id="org.eclipse.ecf.filetransfer.httpclient4.feature" url="features/org.eclipse.ecf.filetransfer.httpclient4.feature_3.14.0.v20180301-0132/" version="3.14.0.v20180301-0132">
</feature>
<feature id="org.eclipse.equinox.p2.user.ui" url="features/org.eclipse.equinox.p2.user.ui_2.4.0.v20180515-1348/" version="2.4.0.v20180515-1348">
</feature>
<feature id="org.eclipse.emf.ecore" url="features/org.eclipse.emf.ecore_2.14.0.v20180529-1144/" version="2.14.0.v20180529-1144">
</feature>
<feature id="org.eclipse.help" plugin-identifier="org.eclipse.help.base" url="features/org.eclipse.help_2.2.200.v20180611-0500/" version="2.2.200.v20180611-0500">
</feature>
<feature id="org.eclipse.ecf.filetransfer.httpclient4.ssl.feature" url="features/org.eclipse.ecf.filetransfer.httpclient4.ssl.feature_1.1.100.v20180301-0132/" version="1.1.100.v20180301-0132">
</feature>
<feature id="org.eclipse.equinox.p2.extras.feature" url="features/org.eclipse.equinox.p2.extras.feature_1.4.0.v20180515-1348/" version="1.4.0.v20180515-1348">
</feature>
<feature id="org.eclipse.mat.ui.rcp.feature" plugin-identifier="org.eclipse.mat.ui.rcp" url="features/org.eclipse.mat.ui.rcp.feature_1.9.0.201906050844/" version="1.9.0.201906050844">
</feature>
<feature id="org.eclipse.ecf.core.feature" url="features/org.eclipse.ecf.core.feature_1.5.0.v20180426-1936/" version="1.5.0.v20180426-1936">
</feature>
<feature id="org.eclipse.emf.common" url="features/org.eclipse.emf.common_2.14.0.v20180527-1134/" version="2.14.0.v20180527-1134">
</feature>
<feature id="org.eclipse.rcp" url="features/org.eclipse.rcp_4.8.0.v20180611-0656/" version="4.8.0.v20180611-0656">
</feature>
<feature id="org.eclipse.equinox.p2.core.feature" url="features/org.eclipse.equinox.p2.core.feature_1.5.0.v20180515-1348/" version="1.5.0.v20180515-1348">
</feature>
<feature id="org.eclipse.equinox.p2.rcp.feature" url="features/org.eclipse.equinox.p2.rcp.feature_1.4.0.v20180515-1348/" version="1.4.0.v20180515-1348">
</feature>
<feature id="org.eclipse.ecf.filetransfer.feature" url="features/org.eclipse.ecf.filetransfer.feature_3.14.0.v20180306-0429/" version="3.14.0.v20180306-0429">
</feature>
<feature id="org.eclipse.ecf.core.ssl.feature" url="features/org.eclipse.ecf.core.ssl.feature_1.1.100.v20180301-0201/" version="1.1.100.v20180301-0201">
</feature>
<feature id="org.eclipse.ecf.filetransfer.ssl.feature" url="features/org.eclipse.ecf.filetransfer.ssl.feature_1.1.100.v20180301-0132/" version="1.1.100.v20180301-0132">
</feature>
<feature id="org.eclipse.e4.rcp" url="features/org.eclipse.e4.rcp_1.6.100.v20180611-0422/" version="1.6.100.v20180611-0422">
</feature>
</site>
</config>
