<?xml version="1.0" encoding="utf-8" ?><!--
    Copyright (c) 2008, 2013 SAP AG and IBM Corporation.
    All rights reserved. This program and the accompanying materials
    are made available under the terms of the Eclipse Public License v1.0
    which accompanies this distribution, and is available at
    http://www.eclipse.org/legal/epl-v10.html
   
    Contributors:
        SAP AG - initial API and implementation
        IBM Corporation - fixes for bad links etc.
 -->

<introContent>
	<extensionContent id="org.eclipse.mat.tutorials" name="Memory Analyzer Tutorials"
		style="css/tutorials.css" path="tutorials/@">
		<group style-id="content-group" label="Memory Analyzer">
			<link label="Basic Analysis"
				url="http://org.eclipse.ui.intro/showStandby?partId=org.eclipse.mat.cheatsheet&amp;input=org.eclipse.mat.tutorials.basicTutorial"
				id="mat-tutorials" style-id="content-link">
				<text> Get familiar with the basic features for memory analysis.
				</text>
			</link>
			<link label="OQL in 1 Minute"
				url="http://org.eclipse.ui.intro/showStandby?partId=org.eclipse.mat.cheatsheet&amp;input=org.eclipse.mat.tutorials.object_query_language"
				id="mat-tutorials" style-id="content-link">
				<text> Get an idea how simple it is to perform custom SQL-like
					queries.</text>
			</link>
			<link label="Component Report"
				url="http://org.eclipse.ui.intro/showStandby?partId=org.eclipse.mat.cheatsheet&amp;input=org.eclipse.mat.tutorials.component_report"
				id="mat-tutorials" style-id="content-link">
				<text>A heap dump contains many objects. But which of those belong to your component?
						And what conclusions can you draw from them? This is where the Component Report can help.</text>
			</link>
		</group>
	</extensionContent>
</introContent>
